<?xml version="1.0" encoding="UTF-8"?>
<project-private xmlns="http://www.netbeans.org/ns/project-private/1">
    <editor-bookmarks xmlns="http://www.netbeans.org/ns/editor-bookmarks/2" lastBookmarkId="0"/>
    <open-files xmlns="http://www.netbeans.org/ns/projectui-open-files/2">
        <group>
            <file>file:/Users/Owner/Desktop/SMPL/src/SMPL/values/PrimitiveValue.java</file>
            <file>file:/Users/Owner/Desktop/SMPL/src/SMPL/sys/Repl.java</file>
            <file>file:/Users/Owner/Desktop/SMPL/src/SMPL/syntax/Parser.cup</file>
            <file>file:/Users/Owner/Desktop/SMPL/src/SMPL/semantics/SMPLEvaluator.java</file>
        </group>
    </open-files>
</project-private>
